{
  "1-吴中支行-石明京": {
    "基准日本金": 1353525.71,
    "基准日利息": 19887.31,
    "基准日本息": 1373413.02,
    "性质": "唯一住房",
    "预计回收": "第三年下半年",
    "评估单价": 11612,
    "评估价值": 1145756,
    "快速变现系数": 0.7,
    "快速变现价值": 802029,
    "清收完成时间": "第三年上半年",
    "折现期限": 2.25,
    "折现系数": 0.9357,
    "折现价值": 750459,
    "处置费用": 27264,
    "安置费用": 120000,
    "可回收金额": 603195,
    "债权评估值": 603195,
    "偿债率": 0.439194176271898,
    "保证人": "苏州湖昱置业有限公司"
  },
  "2-吴中支行-王高强": {
    "基准日本金": 1525890.57,
    "基准日利息": 21195.05,
    "基准日本息": 1547085.62,
    "性质": "唯一住房",
    "预计回收": "第三年下半年",
    "评估单价": 15949,
    "评估价值": 1700642,
    "快速变现系数": 0.7,
    "快速变现价值": 1190449,
    "清收完成时间": "第三年上半年",
    "折现期限": 2.25,
    "折现系数": 0.9357,
    "折现价值": 1113903,
    "处置费用": 37392,
    "安置费用": 120000,
    "可回收金额": 956511,
    "债权评估值": 956511,
    "偿债率": 0.618266363305736,
    "保证人": "苏州卓望房地产开发有限公司"
  },
  "3-吴中支行-钟占行": {
    "基准日本金": 586982.51,
    "基准日利息": 7924.11,
    "基准日本息": 594906.62,
    "性质": "唯一住房",
    "预计回收": "第三年下半年",
    "评估单价": 10071,
    "评估价值": 627222,
    "快速变现系数": 0.7,
    "快速变现价值": 439055,
    "清收完成时间": "第三年上半年",
    "折现期限": 2.25,
    "折现系数": 0.9357,
    "折现价值": 410824,
    "处置费用": 15487,
    "安置费用": 120000,
    "可回收金额": 275337,
    "债权评估值": 275337,
    "偿债率": 0.462823896631038,
    "保证人": ""
  },
  "4-吴中支行-李永超": {
    "基准日本金": 1337585.93,
    "基准日利息": 28647.76,
    "基准日本息": 1366233.69,
    "性质": "唯一住房",
    "预计回收": "第三年下半年",
    "评估单价": 13894,
    "评估价值": 1232815,
    "快速变现系数": 0.7,
    "快速变现价值": 862971,
    "清收完成时间": "第三年上半年",
    "折现期限": 2.25,
    "折现系数": 0.9357,
    "折现价值": 807482,
    "处置费用": 29032,
    "安置费用": 120000,
    "可回收金额": 658450,
    "债权评估值": 658450,
    "偿债率": 0.481945369097142,
    "保证人": ""
  },
  "5-吴中支行-仲路芹": {
    "基准日本金": 554298.46,
    "基准日利息": 4838.3,
    "基准日本息": 559136.76,
    "性质": "唯一住房",
    "预计回收": "第三年下半年",
    "评估单价": 10754,
    "评估价值": 1153797,
    "快速变现系数": 0.7,
    "快速变现价值": 807658,
    "清收完成时间": "第三年上半年",
    "折现期限": 2.25,
    "折现系数": 0.9357,
    "折现价值": 755726,
    "处置费用": 27428,
    "安置费用": 120000,
    "可回收金额": 608298,
    "债权评估值": 559136.76,
    "偿债率": 1,
    "保证人": ""
  }
}
